Ulasan,UlasanEN
sesuai gambar bagus,as per the picture good
barang sesuai pesan manfaat,goods according to the message benefits
toko amanah hp sesuai deskripsi,trusted cellphone shop according to the description
alhamdulillah tablet ganti cek bagus terima kasih respon cepat layan garansi,"thank God, the tablet was replaced and checked and it was good. Thank you for your fast response and warranty service."
kirim cepat barang fungsi warna sesuai pilih request putih dikiirm biru baret layar overall,"fast delivery of goods, function, color according to the selected request, white, sent blue, screen beret overall"
kali coba beli hp tablet online ngk untung batere ngedrop lahlayar eror tobat beli online murah murah saran reka,"When you try to buy a tablet phone online, you can't see if the battery drops and the error screen shows up. Buy it online cheaply, cheaply, the design advice"
cek out rabu minggu pagi dah pakai barang bagus,Checked out on Wednesday morning and used good stuff
akun kecewa,disappointed account
tools menu atas kaya wifiklo pas teken atur lebih oke sii,"the top menu tools are like wifi, if you sign up, the settings are better"
barang ok mantabz,"the item is ok, great"
respon jual baikkualitas tab standar,"Good sales response, standard tab quality"
aspal,asphalt
lumayan,reasonable
barang sesuai pesan terimakasuh,item as ordered thank you
barang china zonk harga barang ori,zonk china goods prices for original goods
kirim cepat barang terima aman ,"send fast, receive goods safely"
terima kasih seller barang terima lecet sedikit segel aman terima kasih  antar paket aman than,"Thank you seller, the item received is slightly scratched, the seal is secure, thank you, the package was delivered safely, thang"
alhamdulillah tablet langsung pakai anak ajar mulus kurang da fungsi tablet trimaksh selle,"Thank God, the tablet is ready to use, the teaching staff are smooth, the tablet functions well, thank you, Seller"
produk terima bagus packing dgn rusa kirim jg cepat cepat dari estimasi nya  terima kasih ,"Product received in good condition, packing with deer, delivery is also faster than estimated, thank you"
terima kasih barang terima harga produk kualitas produk produk original cepat kirim respon jua,"Thank you, the item was received, the product price, the product quality, the product is original, the delivery is fast, the response is also good"
kirim cepat packing aman seller amanah terima kasih,"fast delivery, safe packaging, trusted seller, thank you"
seller ramah amanah kirim emas cepat packing aman full senyum terima kasih gan,"friendly and trustworthy seller, fast delivery of gold, safe packaging, full of smiles, thank you, bro"
alhamdulillah pesan aman selamat packingan rapi tebel banget poko puas banget belanja toko terima kasih,"Thank God, the message is safe and the packaging is neat and very thick. I'm really satisfied with my shopping at the store. Thank you."
alhamdulillah barang tunggu rumah suka barang terima kasih seller,"Thank God, the goods are waiting for the house, I like the goods, thank you seller"
terima kasih seller kualitas bgs ok banget mksih gan top deh,"Thank you seller, the quality is really good, thank you, bro, it's great"
mantap,solid
harga barangmasih okelahsilahkan lihat foto video simpul,"the price of the goods is still okay, please see the photo video node"
- oke nila beli ponselnya efisien baterai tahan cepat muat cepat harga moderat efek foto ponsel ringan nyaman nyaman,"- okay, the purchase price of the cellphone is efficient, the battery lasts fast, the loading is fast, the price is moderate, the photo effect of the cellphone is light, comfortable, convenient"
puas guna milik kapasitas simpan baterai kuat apa,satisfied with the use of the strong battery storage capacity
kirim cepat tubuh cerah tipis warna indah indah ingat prosesor licin hidup baterai sedia cari mudah,fast delivery bright body thin beautiful color beautiful remember smooth processor live battery available easy search
telepon beli ibu warna indah cepat jalan foto milik biaya-efektivitas,phone buy mother beautiful color fast road photo property cost-effectiveness
alhamdulillah barang pesan cepat ekspedisi terima kasih moga barang kondisi kendala,"Thank God, the goods ordered were delivered quickly. Thank you. Hopefully the goods are in good condition."
alhamdulillah paket sampe neng bangetttt sukaaa moga awet,"Alhamdulillah, the package arrived, I really like it, I hope it lasts"
barang darat selamat mantapp fungsi baiksemuanya lengkap mulus segi peking aman amanah barang realpict terima kasih,"The land goods are safe and secure, they work well, everything is complete and smooth, the Beijing side is safe and reliable, the goods are realpict, thank you"
mantap pas banget barang cacat segel aman tab nya bagus banget nyesel pokok nya,"It's very good, the item is defective, the seal is safe, the tab is very good, I regret the tree"
bagus,Good
ekspektasi loading susah koneksi buruk nge hank download aplikasi susah,"The expectation of loading is difficult, the connection is bad, and it is difficult to download the application"
ok good,ok good
barang nya sesuai oke signalnya lelet,the goods are appropriate okay the signal is slow
fungsi sesuai deskripsi produk harap pakai kartu sim jaring edge wkwkwk,function according to product description please use edge network sim card hahaha
barang fungsi baiksemoga,I hope the item functions well
barang mantab,great stuff
barang terima kasih,thank you item
mantap pokoknyalangsung cek coba fungsi tabnyaseller ramahthanks,steady treedirectly check try function tabnyaseller friendlythanks
butuh komentar layar main lancar nuansa bagus kerja biaya mudah memb,need comments smooth play screen good feel work easy cost
kirim lumayan cepat barang bagus packing aman banget banget bublewrapnya tebel bgt nyesel beli disinibarang bagus aman lecet sek,"send pretty fast, good stuff, packing is very safe, the bubblewrap is really thick, regret buying here, good stuff, safe from scratches"
terima kasih tab nya ori harga jangkau suka,"Thank you for the tab ori, the price is within reach, I like it"
kirim cepat produk kondisi,fast delivery product condition
terima barang aman terima kasih kirim cepat,"Received the item safely, thank you, fast delivery"
barang terima,goods received
barang okey bagus mulus nyala kirim aman sen xiomi kirim merk pesan gold kirim nya biru,"the item is okay, good, smooth, on, safe delivery, sen xiomi, send brand, order gold, send blue"
barang bagus rapi alhamdllah dtrima cacat,"Good stuff, neat, thank God, received defective"
bulan bermasalahsdh penuhmaksudnya ya hp nya palsu ya,"the problematic month is full, does that mean the cellphone is fake?"
seller tanggung jwb dikrm ulang terima kasih,"Seller is responsible for sending it again, thank you"
barang kirim box charger jual respon,goods send box charger sell response
mudah awet barang oke,"easy to preserve, the item is okay"
amanah,trust
masyaallah tablet fungsi dgn,masyaallah tablets function with
barang terima warna biru kasih gold papa komplit,"Received the item in blue, give it gold, papa, complete"
good job barang kirim bagus sesuai gambar nya ,"good job, item sent is good, according to the picture"
okee ,okay
yatidak sesuai harapankameranya buruk,yesnot as expectedthe camera is bad
harga murah baterai ma cepat habis jaring sedia  sulit internetan ngebut android android lolipop,"cheap price, the battery runs out quickly, the internet is difficult, the internet is fast, android android lollipop"
packing aman,packing aman
barang bagus cepat,good stuff fast
alhamdulillah barang barang sesuai deskripsi,Thank God the goods are as described
produk bagus,good product
barang top jual sabar sihgara jasa kurir reguler lamanext dintambah same day ya ganterimakasih,"top selling item, be patient, regular courier service, lamanext plus same day, thank you, bro"
kreeen cepet,fast creeen
warna sesuai kirim super lambat,"color as per request, delivery super slow"
kirim coba layak sih harga murah,send try worth it cheap price
wa suara operasi bingung lambat merespond pindah icon suara wa speaker,wa operation sound confused slow to respond move icon sound wa speaker
handphone panas berlebihsinyal ilang-ilang,cellphone overheatingsignal loss
processing hp lambat ram,processing hp lambat ram
hp ngecasnya panas,HP is hot when charging
recomend seller,recomend seller
hpnya lot baterai nya cepat panas habis,The cellphone battery is very hot and runs out quickly
sesuai pesan ponsel hebat jalan cepat milik daya tahan baterai hebat moga awet terima kasih jual next time beli hp,according to the message great cellphone fast walking owned great battery life hopefully it lasts thank you for selling next time buy a cellphone
kali order hp online takut ya barang kali rusa original original packing aman kirim,"When I order a cell phone online, I'm afraid it's an original Deer product, the packaging is safe to send"
ponsel respons cepat pikselnya kualitas ponsel mudah harga murah toko fisik,fast response phone pixel quality phone easy cheap price physical store
ok padan harga,ok match the price
terima kasih emas kirim cepat moga orang suka rusa unboxing hilang tahan,thank you gold send fast hopefully people like deer unboxing lost hold
barang bagus packing aman rapih kirim cepat terima kasih gan langgan seller nih,"Good item, neat and safe packaging, fast delivery, thank you, I'm a regular seller"
terima kasih seller barang kendala over all mantul puas deh poko mantull,"Thank you, seller of the problem item, over all, I'm satisfied, I'm satisfied"
barang fungsi bagusss,good functional item
barang fungsi bagusss,good functional item
kualitas produk top banget pokok mantul banget pokok,"The quality of the product is very top, the tree bounces very well"
maaf barang galaxy hp merek kayak hp rakit akibat beberap aplikasi google play store diinstal,"Sorry, the Galaxy brand cellphone looks like a fake cellphone due to several Google Play Store applications being installed."
alhamdulillah paket darat sempurna packing rapi aman pakai buble warp kualitas barang oke isi dus komplit charger antigores softcase handset iri,"Thank God, the land package is perfect, the packaging is neat and safe, using bubble wrap, the quality of the goods is good, the box contents are complete, the charger is anti-scratch, the soft case is iri handset"
handphone darat amansellernya fast respon mulus ya kurang terima kasih ,landline cellphone safe seller fast response smooth yes less thank you
harga oke kualitas produk handphone tahan suka main game puasss sma handphone nya terima kasih bangettt,"The price is okay, the quality of the product is durable, I like playing games, I'm satisfied with the cellphone, thank you very much"
hp memeng jangkau batre nya cepat abis kamera kualitas video bagus transaksi,"The cellphone is limited, the battery runs out quickly, the camera video quality is good, the transaction is good"
mudah sen sedang blanja toko sedang amanah sll jual,easy sen while shopping shop is trustworthy always selling
hp terima dgn fungsi kurir oke kaget terima cepat minggu mantap,"cellphone received with courier function, okay, surprised to receive fast, great week"
mantul deh barang kualitas oke fungsi bagus mantull deh poko,"Mantul deh good quality item, good function, mantul deh poko"
kirim cepat aman lancar barang sesuai gambar bagus banget barang cacat,"fast safe smooth delivery, item as pictured, very good, defective item"
mantul barang bagus puas deh poko kualitas produk terima kasih seller,"Good product, satisfied, product quality, thank you seller"
alhamdulillah pesan selamat terima kasih moga amanah,"Alhamdulillah, the message is safe, thank you, I hope you trust me"
kamera bagus banget keren poko nyesel beli barang oke joss moga awet sukses toko ya,"The camera is very good, cool, I don't regret buying the item, okay Joss, I hope the store will be successful"
etalase samsung,Samsung showcase
alhamdulillah kirim cepat ok poko mah hatur nuhun gan,"Thank God, the delivery was fast, okay, thank you, bro"
awas tipu kena tablet sabun kirim alas stock kosong sabun kirim waspada belanja lapak,"beware of fraud, get soap tablets, send empty stock, send soap, beware of shopping stalls"
barang normal kardus knpa polos ya moga awet,"why is it plain cardboard, hopefully it will last"
bagus hpnysaya sukamakasih ya ka,"Nice cellphone, I like it, thank you sis"
kemas ada dus segel hp sesuai body blkg lecet hp fungsi batre bentar habis hp panas banget charge susah masuk daya tambah adaptor,The packaging has a sealed box for the cellphone according to the body. The back of the cellphone is scratched. The battery function runs out quickly. The cellphone is very hot. It's difficult to charge and add power to the adapter.
jual jelas proses,clear selling process
hp murah gag murahanseller fast respon okemantafff,cheap cell phone not cheap seller fast response okemantafff
sesuai bosss terima kasih,"according to boss, thank you"
sesuai pesan kaktop sellermudahan langgan kak,"according to the message kaktop seller, please subscribe sis"
sesuai skripsi,according to the thesis
harga oke sesuai pesan kirim sesuai estimasi alhamdulillah cek apa,"The price is okay according to the order, delivery according to the estimate, thank God, check it out"
mantul barang bagus puas deh poko kualitas produk terima kasih seller,"Good product, satisfied, product quality, thank you seller"
barang kak kirim cepat emas aman produk bagus baterai nya tanam harga murah,item sis send fast gold safe good product built-in battery cheap price
alhamdulillah barang palangkaraya kendala kirim kualitas hp hp nya selamat kirim nya cepat respon pe,"Thank God, the goods were sent to Palangkaraya, the quality of the cellphones was good, the delivery was fast, the response was fast"
kondisi barang new harga sesuai kualitas oke kirim cepat emas rapih mulus pasti terima kasih seller moga manfaat,"The condition of the item is new, the price is according to the quality, it's okay, the delivery is fast, the gold is neat and smooth, thank you seller, I hope it's useful"
terima kasih seller brg oke kualitas recommended seller barang aman kualitas,"Thank you seller, the goods are good, the quality is recommended, the goods are safe, the quality is good"
terima kasih rekomendasi produk informasi merespon sabar cepat terima kupon mem,"Thank you for the product recommendation, information, respond patiently, quickly, and receive the coupon."
terima kasih seller aman kendala terima kasih seller,thank you seller safe problem thank you seller
paket darat dgn handphone bagus kendala kirim harga jangkau terima kasih seller,"land package with good cellphone, shipping constraints, price reach, thank you seller"
nyesel beli produk oke produk kualitas mntp,"regret buying okay product, good quality product"
alhamdulillah terima kasih seller barang bagus kualitas mntp kirim jg cpt,"Thank God, thank you seller, the item is good, the quality is great, and the delivery is also fast"
hp test fungsi fungsi terima kasih seller,hp test function function thank you seller
moga awet lancar pakai anak anak ,May it last smoothly for children
terima kasih barang kualitas terima kasih seller oke banget produk nya,Thank you for the quality of the goods. Thank you seller. The product is really good.
kualitas oke harga oke seller responsif kecewa beli toko kemas rapihhh kirim cepett aduhhh kerennn abiss deh toko ini,"good quality, good price, responsive seller, disappointed to buy, neat packaging, fast delivery, wow, this store is really cool"
terima kasih seller produk moga hp cocok anak,"Thank you seller, I hope the product is suitable for children"
packingnya aman kirim oke dapet bonus full lengkap moga hpnya awet terima kasih kka moga jual laris berkah,"The packaging is safe, the shipping is okay, I got a complete bonus, I hope the cellphone lasts, thank you, sis, I hope it sells well and is blessed"
terima kasih seller produk sesuai pesan kirim cepat moga amanah ya,"Thank you seller, the product is according to the order, fast delivery, hopefully it is trustworthy"
hp nya dateng yeay kirim nya cepet banget packing nya tebel banget aman bonus yayyy poko the best thankyou,"The cell phone arrived, yes, the delivery is very fast, the packaging is very strong, it's very safe, bonus yayyy poko the best thank you"
kali order hp online takut ya barang kali rusa original original packing aman kirim,"When ordering a cellphone online, I'm afraid it might be original, the packaging is safe for delivery"
harga murah banget kualitas keren abiss cepet banget sampai kurir banget toko nya tanggung pesan sena,"The price is very cheap, the quality is cool, it's very fast, the store's courier takes care of the order"
alhamdulilah paket nya terima baiktadi nya was was banget takut ruask jalntapi alhamduliah banget puas pengemasn aman recomen banhet,"Thank God, the package was received well. I was really worried that it would get damaged on the road, but thank God, I'm really satisfied with the safe packaging. I highly recommend it."
oke lumayan standar harga barang bagus sesuai pesan oke terima kasih moga aman,"okay, pretty standard price, good goods according to the order, okay, thank you, hope it's safe"
kualitas produk terima kasih yaa seller produk bagus moga barang manfaat,product quality thank you seller good product hopefully the item is useful
bagus bgttt warna cacat harga murah seller ramah kirim cpet sekali,"Very good, defective color, cheap price, friendly seller, very fast delivery"
puas emas barang yung label fragile apa terima kasih jual kurir rusa fungsi,satisfied gold goods yung label fragile what thank you sell deer courier function
ponsel respons cepat pikselnya kualitas ponsel mudah harga murah toko fisik,fast response phone pixel quality phone easy cheap price physical store
sesuai pesan ponsel hebat jalan cepat milik daya tahan baterai hebat moga awet terima kasih jual next time beli hp,according to the message great cellphone fast walking owned great battery life hopefully it lasts thank you for selling next time buy a cellphone
alhamdulillah barang aman barang kualitas harga jangkau recommended banget nih teman beli hp order packi,"Thank God, the goods are safe, the goods are of good quality, the prices are affordable, really recommended, friends who bought a cellphone order packi"
pesan selamat packingan top bubble wrap tebal banget terima kasih seller amanah banget shipee abang kurir,"safe order, very thick bubble wrap top, thank you, very reliable seller, shipee, courier brother"
hp aman san kualitas terima kasih seller suka mantap,hp is safe and good quality thank you seller like it steady
cakep banget deh sukabl bangetbangetbangettt terima kasih seller sukses yaaaa,"It's very beautiful, I like it very much, thank you, successful seller"
mantap produk sampe aman kendala kirim cepat,"solid product until it's safe, the problem is fast delivery"
terima kasih seller barang cepat kendaka poko mantap hadiah ulang,thank you seller fast goods kendaka poko steady gift repeat
barang smpai langsung buka alhamdulilah barang bagus aman tidak ada lecet real bagus muas,"Item arrived straight away, thank God, item is good, safe, no scratches, really good, satisfied"
barang segel heran dus asli layan cepat moga barang nya bagus muas hpnya awet bagus,"The item is sealed, the box is original, the service is fast, hopefully the item is good, the cellphone is durable and good"
mantap,solid
kualitas bjasa,service quality
oksesuai deskripsi spesifikasi sesuai,"OK, according to the description, the specifications are correct"
barang bagus segel cas butuh,good stuff seal need case
iklan realme dipake,realme ads used
barang bagus sesuai harap kirim cepatpokonya top markotop,good item as expected fast delivery top notch
kualitas produk sesuai dgn harga bikin kasih bintang sih layan toko respon cepat tingkat kualitas produknyatrimakasih,"The quality of the product corresponds to the price, which makes me give it a star. The store service has a fast response, the level of product quality, thank you"
jual cepat tanggap solusi hubung barang sesuai harga spesifikasi sesuai warna sesuai pesan jual ramah banget,"Selling fast response, solution, goods according to price, specifications according to color according to message, very friendly seller"
barang spai selamat bagus jaman android nya lollipop ver ver sistem nya tulis ver ya biar laku ses,"Good item, congratulations, it's good, Android Lollipop version, system version, write the version so it sells well"
mantapppp,awesome
barang sesuai hargalahoverall gooodtdk cacatsmga awet terimkasiih,"The item is according to the price. Overall, it's good. No defects. Hopefully it will last. Thank you."
moga awet berkah,May the blessings last
sayang nga nfcnye,love the nfc
barang sesuai deskripsi fungsi dgn ,Items according to the description and function
alhamdulillah barang cepetsemua dgn normalsprti hujan ekonomi harga barang dgn harga segitu lumayan,"Thank God, the goods arrived quickly and normally, like economic rain, the price of the goods at that price is quite good"
barang darat aman barang bagus respon jual cepat langgan,Safe land goods good goods fast response sales regular customers
ok,ok
kirim cepat packing bagus hp super kw power hp nyala tulis powered by android aplikasi wa susah terima verifikasi aplikasi sms,"fast delivery, good packaging, super kw cellphone, cellphone power, writing, powered by Android, WA application, difficult to receive SMS application verification"
barang bagus packing ok cepat sampe,"good item, good packing, fast delivery"
hp jelek,bad phone
barang ditrrima baiksemua fungsi normalterima kasih seller fast responpengiriman cepat jadwal,"Item received in good condition, all functions are normal, thank you seller, fast response, fast delivery schedule"
bulan pakai alhamdulillah aneh mudah awet aamiin,months of use thank God strangely easy durable aamiin
oke,limit
hpnya cepat toko gast respon hpnya absensi simpatika nggak hp dii root soluainya,"the cellphone is fast, the gast shop responds, the cellphone is absent, the simpatika cellphone is not rooted, the solution"
kualitas dunia,world quality
jls merk nya,jls its brand
realme kesal banget jual hp camon pro,Realme is really upset about selling the Camon Pro cellphone
harga saing produk produk,competitive price of products
barang sesuai dikripsi hubung jaring internet kamera buruk,"Item as described, bad internet connection, bad camera"
barang terima fungsi sesuai spesifikasipacking aman  kirim cepat moga awetrecomemded seller,"item received, function according to specifications, safe packaging, fast delivery, hopefully it will last, recommended seller"
ponsel jalan lancar perangkat lunak buka cepat ambil foto bagus ambil gambar bagus beri istri sa,phone runs smoothly software opens fast take good photos take good pictures give my wife
logistik cepat kirim cepat lari kuat respons minta layan langgan tempat,fast logistics fast delivery strong response request service subscribe place
recommended hp recoment toko good seller good produk sukses yh admin kurir smh laris,"recommended hp, recommended shop, good seller, good product, successful admin, courier is always selling well"
alhamdulillah nyampe selamat baikpenjual nya gercep banget lngsung dproses tpi bonus bonus nya,"Thank God it arrived safely, the seller was very quick to process it, but there are bonuses too"
toko asli layan harga murah toko fisik bel,original shop cheap price service physical shop bell
barang hpnya sesuai dijuall puas terimakadih seller ramah barang dampe alhamdulillah kondisi ho lancar baikkk kemas,"the cellphone item is suitable for sale. I'm satisfied. Thank you, friendly seller. The item arrived. Thank God, the condition is running smoothly, well packed."
kamera kamera bela oke bingitttt alhamdulillah barang kirim cepet neng order toko produk kecewa respon seller baguss handp,camera camera defense okay bingitttt alhamdulillah goods sent fast in the order store product disappointed seller response baguss handp
mantap pesan toko suka banget hpnya bagus batrainya awet suka terima kasih amanah sukses jual terima kasih paket dite,"great order, the store really likes the phone, the battery is good, the battery lasts, I like it, thank you, trust, successful sale, thank you for the package"
kali pre-order rilis hp hp coba senang desain mewah tekstur bagus fitur-fitur hebat,pre-order release hp hp try happy luxurious design nice texture great features
langsung buka kurir alhamdulillah barang sesuai spek aman packing aman kurir langgan terima kasih seller terima kasih abang kurir toko am,"Immediately open the courier, thank God, the goods are according to specifications, safe packaging, regular courier, thank you seller, thank you, courier, shop AM"
hp cari google,hp google search
hpnya reno abal,Reno's cellphone is fake
barang bagus fungsi proses cepat kirim cepat,"Good item, fast processing, fast delivery"
fisik tablet dak sesuai gambar framenya foto iklan frameless tipis framenya nyata nya lebar prosesor leletsuka ngelack,"The physical tablet does not match the frame image in the frameless advertisement photo, the frame is thin in reality, the processor is slow and tends to lag"
barang jual sesuai spek ram  kwalitas foto sesuai tawar,"Items for sale according to RAM specs, photo quality according to offer"
hp ok,hp ok
hp terima fungsi normal tolong bantu garansi kendala perangkat,hp received normal function please help with warranty device problem
barang sesuai pesan pesan note pro datan camon pro,goods according to order order note pro datan camon pro
terima kasih tipu jual jujur pesan merk real merk spek hp cina percaya toko sesuai,"Thank you, honest seller, order real brand, Chinese cellphone specs, trust the shop according to the specifications"
terimakasi spek sesuai bagus banget alhamdulillah,"Thank you, the specs are really good, thank God"
barang ok sesuai pesan cepat mudah awet recommended jempol,"Item is ok, according to the order, fast, easy, durable, recommended, thumbs up"
barang nya bgs lumayan,the item is pretty good
mntap sesuaidg harga,steady according to price
bagus recomended,bagus recomended
hp terima moga tiidak kendala perangkat program mohon bantu garansi kendala,"HP received, hopefully there are no problems with the program device, please help with the warranty problems"
overall bagus batere parah  dihidupin cek fitur browsing mnt kandas baterenya,"Overall good, battery is bad when turned on, check the browsing feature when the battery runs out"
barang bagus segel coba oke banget kualitas sesuai harga pokok mantab deh,"Good stuff, try it on, really good quality for the basic price, great"
alhamdulillah paket selamat hp buka hp bagus kamera jernih isi box lengkap hp cepat hp terima selamat emas kir,"thank God the package is safe, the cellphone is opened, the cellphone is good, the camera is clear, the contents of the box are complete, the cellphone is fast, the cellphone is received safely, the gold is confirmed"
yeah barang aman fitur lengkap cas headset softcase tempered glass jalan seller ramah kurir amanah kirim,yeah safe goods complete features charge headset softcase tempered glass road seller friendly courier trust send
kualitas produk spek nya bagus worth it emas produk aman kirim cepat estimasi thank you seller,product quality specs are good worth it gold safe product fast delivery estimate thank you seller
puas guna milik kapasitas simpan baterai kuat membu,Satisfied with the use of strong battery storage capacity
kirim cepat tubuh cerah tipis warna indah indah ingat prosesor licin hidup baterai sedia cari mudah,fast delivery bright body thin beautiful color beautiful remember smooth processor live battery available easy search
telepon beli ibu warna indah cepat jalan foto milik biaya-efekti,phone buy mother beautiful color fast road photo property cost-effective
- oke nila beli ponselnya efisien baterai tahan cepat muat cepat harga moderat efek foto ponsel ringan nyaman nyaman,"- okay, the purchase price of the cellphone is efficient, the battery lasts fast, the loading is fast, the price is moderate, the photo effect of the cellphone is light, comfortable, convenient"
kualitas muas paket baiktanpa barang sesuai harap kirim cepat pilih produk hp nya kondisi mulus dapet harga segitu,"The quality of the package is good, the item is suitable, please send it quickly, choose the phone product, the condition is smooth, you can get that price"
alhamdulillah barang selamat cepat kirim sih was was beli hp online percaya terima kasih tok,"Thank God, the item is safe, the delivery was fast, I was worried about buying a cellphone online, I trusted it, thank you, Tok"
harga cocok operasi cepat puas tonton film dengar musik puas fungsi kamera raj,"Price is right, fast operation, satisfied, watch movies, listen to music, satisfied, camera function, Raj"
mantap barang mulus walpun murah kualitas murah baik toko mantap moga beli taun,steady goods seamless although cheap cheap quality good store steady hopefully buy taun
belanja puass barang kualitas rekomend banget produk sesuai gambar barang aman lengkap puasss kakak terima kasih,"I'm satisfied with my shopping, the quality of the goods is highly recommended, the product matches the picture, the goods are safe and complete, I'm satisfied, sis, thank you"
sampe dgn amantidak rusa fungsi dgn jugaseller ramah mantapp,"arrived safely, no damage, function also friendly seller, great"
gooddan realpict hp pesantanpa kurang sedikit terima kasih,gooddan realpict hp orderwithout any less thank you
dengann hargaa segtu lumbayan bagus bangetdesign nya bagus kualitasnyaa bagus terima kasih toko amanah ,"for that price, it's really good, the design is good, the quality is good, thank you, Amanah Shop"
sesuai mesan ragu neng mulus lecet sedikit tidak ada kurang admin ramah amanah,"As ordered, I doubt it's smooth, a little scratched, there's nothing wrong with the friendly, trustworthy admin"
terima kasih seller jual brng amanah kecewa deh beli ori lengkap brng nya,Thank you seller for selling it with trust. I was disappointed when I bought it in complete original condition
sampe jga dgn amanmantapp deh pokoknyathanks terima kasih,"It's all safe and sound, thank you"
terima kasih yaa seller paket mantap dah next order hp,"Thank you seller, the package is great. Next time I'll order a cellphone"
terima kasih yahh paket terima bagus tarik tampil nya oke banget dehhh,"Thank you, the package was received in good condition, the appearance is really good"
alhamdulillah darat selamat thank you seller fungsi jugano cacat ,"Alhamdulillah the land is safe, thank you seller, the function is also defective"
alhamdulillah paket terima packing rapih brng terima sesuai pesan moga layan after sales-nya jaga terima kasih recommended sel,"Thank God, the package was received, the packaging was neat, the item was received according to the order, hopefully the after sales service will be maintained, thank you, recommended, sel"
nya belanja handphone toko inisangat amanah tokonyaproduk aslisesuai pesananbonus kartu lagilengkap semuakeren banget poko,his shopping mobile phone store is very trustworthy store original product according to the order bonus card again complete all very cool anyway
first time beli hp online emas kirim aman cepat kondisi bagus box segel cas case kartu earphone garansi dll dgn terima,first time buy mobile phone online gold send safely fast good condition sealed box case card earphone warranty etc. with receipt
hp original kirim kilat kemas aman terima kasih yahh wajib order kualitas jamin bgttt percaya deh,"Original cellphone, express delivery, safe packaging, thank you, you must order, the quality is guaranteed, trust me"
mantap puas banget belanja barang aman tinggi aman sip paket cpt aman kendali smg hp awet dipake bwt ank perlu sekolahnyaalhamdul,"I'm very satisfied, I'm very satisfied with my shopping, it's safe, it's safe to sip, the package is fast, it's safe to use, the phone is durable, I need to go to school, alhamdulillah"
beli slalu puas kirim cepat respon seller ramah hpnya oke bubble wrap nya banget bikin barang aman poko,"Always satisfied with the purchase, fast delivery, friendly seller response, the phone is okay, the bubble wrap really makes the item safe"
bagus barang terima kasih barang original ,"good item, thank you, original item"
sesuai pesananyg dateng reno pro,according to the order that came reno pro
terima kasih kak barang terima kemarin sen subhanallah cepet banget kirim nya barang kecewa anak neng banget,"Thank you sis, the item was received yesterday, Subhanallah, the item was sent very quickly. I'm really disappointed with my child."
barang mantaappcm koneksi lot sekaliflash light bisakamera buruksepadan harga seginiterima kasih,great itemappcm connection is very goodflash light worksbad cameraworth this pricethank you
ok,ok
kali beli dsni kualitas hp muas spesifikasi gahar harga segitu lumayan jangkau mudah hp awet pakai kirim cepat da,"When I bought it, I was satisfied with the quality of the mobile phone, the specifications are very good, the price is reasonable, the phone is easy to reach, the phone is durable, and the delivery is fast"
handphone nya keren banget ya ampun kaget banget kirim nya cpettt aduhhh keren bgtt sihhh layan toko bagus ramah cepet suka ihhh,"The mobile phone is so cool, my goodness, I'm so surprised to send it so quickly, ahuhhh, it's so cool, the store is nice, friendly, fast, I like it, ihhh"
mantap gan rekomendasi banget barang sesuai pesan aman moga manfaat,"Great, bro, really recommend the items as ordered, safe and hopefully useful"
kualitas produk kirim oke pesan buka sesuai pesan produk original garansi resmi muas pengem,"Product quality, delivery is okay, order is open according to the message, original product, official guarantee, satisfied with the development"
beli sekian kali mantul gan barang bagus kirim cepat sampe selamat kurir ramah sabar terima kasih seller sukses,"I bought it many times, bro, good item, fast delivery, safe courier, friendly, patient, thank you, successful seller"
tabnya keren tampil minimal fitur lengkap sempet ragu beli ekspetasi oke good seller terima kasih yaa,"The tab is cool, looks minimal, has complete features, but hesitated to buy. Expectations are OK, good seller, thank you"
tab cepat fitur aman kirim aman lengkap recommended best seller terima kasih seller,fast tab safe features safe delivery complete recommended best seller thank you seller
tablet bagus kualitas mantap bgtt dehhh moga awett tahan yahh,"Good tablet, really good quality, I hope it lasts a long time"
harga produk worth it banget produk sesuai pesan puas belanja,"The price of the product is really worth it, the product is according to the order, I am satisfied with my shopping"
terima kasih seller moga sukses depan terima kasih amanah barang sayaaa penting tablet rusa aman,"Thank you seller, I hope you have success in the future. Thank you for trusting my goods. The deer tablet is safe."
tablet artefak labih beli layar hd jernih pengorperasnnya lancar kualitas suara jernih volume harga mu,artifact tablet more buy clear hd screen smooth operation clear sound quality volume price mu
barang kak cepet banget sampai paket kali beli aja,goods brother very fast until the package times buy aja
terima kasih seller barang sesuai harap neng banget seller nya amanah ramah barang sesuai banget suka moga awet kirim cepat tha,"Thank you seller, the item is suitable, I really hope the seller is trustworthy, friendly, the item is very suitable, I hope it will last, send it quickly"
barang terima kondisi barang hadiah gratis terima kasih jual,item received in good condition free gift thank you for sale
tablet bagus fungsi kirim cepat kecewa beli toko,good tablet function fast delivery disappointed buy shop
kirim selamat hadiah gratis jual terima kasih,send congratulations free gift sell thank you
alhamdulillah paket nya hpnya bagus lengkap kasih gratis nya terima kasih kak,"Thank God, the cellphone package is good, complete, I gave it for free, thank you, sis"
harga bagus ponsel sali dapat harga jangkau ponsel jalan mantappp,"good price for sali cell phone, get the price of mobile phone coverage, steady road"
alhamdulillah hpnya tgn seller kurir jujur banget terima kasih yaa,"Thank God, the cellphone is in the hands of the seller, the courier is very honest, thank you"
alhamdulillah paket darat sempurna oackingan rapih aman pakai buble wrap kualitas barang oke isi dus komplit charge anti gores sodt case headset kirim,"Thank God, the land package was perfect, the packaging was neat and safe, using bubble wrap, the quality of the goods was good, the box contents were complete, the charger was anti-scratch, the case was soft, the headset was sent"
alhamdulillah hp nya rumah barang nya sesuai bagus spesifikasi aplikasi tambah,"Thank God, the cellphone is in good condition, the specifications are good, the application is good"
barang kondisi terima hadiah jual terima kasih jual,item condition received gift for sale thank you for sale
beli senang belanja online toko produk bagus,buy happy shopping online good product store
harap skeptis barang terima kasih percaya,please be skeptical of the goods thank you trust
harga murah jangkau harap terima kasih jual terima kasih,cheap price reach please thank you for sale thank you
terima kasih seller benar,thank you seller true
pas dateng susah dicharge kabel charger rusak yaudah gpp mau dicharge pakai charger oppo ori oke ya fine,"When it arrived, it was difficult to charge. The charger cable was broken. It's okay. I want to charge it using the Oppo Ori charger, okay, fine"
terima kasih kak brngnya produk bagus aman cacat kirim cepat pakai banget emas super rapih toko rekomend banget trimak,"Thank you sis, the product is good, safe from defects, fast delivery, really wears gold, super neat, really recommended shop, thank you"
terima kasih banget hp nya dateng aman cacat packing nya super duper tuebel jdi dusbox nya penyok mksh seller,"Thank you very much, the cellphone arrived safely, the packaging was super duper thick so the box was dented, thank you seller"
harga murah banget kualitas keren abiss cepet banget sampai kurir banget toko nya tanggung pesan sena,"The price is very cheap, the quality is cool, it's very fast, the store's courier takes care of the order"
beli kembar beli duluan kemarin bagus banget yeay kembar hapenya my twin,buy twins bought first yesterday really good yeah twins my twin phones
bagus hpnya lengkap puas banget tipu moga manfaat pakai,"good cellphone, complete, very satisfied, hopefully it will be useful to use"
hpnya cacat gabisa dipake internetan kamera blkg item banget berkah,"The cellphone is disabled, can't use the internet, the camera is not working, the item is really a blessing"
kamera gelap sinyal hp lapak tanggung hati beli salah cepet ngetes barang ajar,"dark camera, mobile phone signal, take responsibility for buying the wrong one, quickly testing the teaching material"
alhamdullilahreno diterimamantab cakep lancartls ya pelapakmaaf tampil video foto nya hp masalah,"Alhamdulillah, Reno was received, great, cool, smooth, seller, sorry, the video photo is showing a problem with the cellphone"
kendala layan toko cepat tanggap mantapp,fast response shop service problem awesome
jaring gg gjadix lot tekor deh,net gg gjadix lot is at a loss
mah luaaar bagus cek spec nya sesuai deskripsi pesan sesuai seller ramah and respon nya cepet banget terima kasih gan puas banget tablet,"Wow, it's great. Check the specs. It matches the description. The seller is friendly and the response is very fast. Thank you, bro. I'm very satisfied with the tablet"
kemas segel,seal pack
ok,ok
biar bintang  bicara,let the stars speak
kirim cepat amanah,send fast and trustworthy
pokok lumayan ya harga segitu lengkap fungsi pokok top ,"The tree is quite good, the price is like that, complete with the functions of the top tree"
bagus harga jtan tab bagus ram gb gb recommended thank you seller puas ,good price jtan tab good ram gb gb recommended thank you seller satisfied
barang darat selamat nya tpi papa puas dngan produk nya terima kasih jual moga rizek,"The goods were safely delivered but I am satisfied with the product. Thank you for selling, I hope you have good fortune"
barang oke sesuai deskripsi,Good item according to description
kualitas sesuai spek ram gb buka aplikasi ngelag beli drpd nyesel,quality according to specs ram gb open application lag buy than regret
goodtabnya sampe amanpacking nya tebel pakai bubble wrapthanks yaa,"Goodtab arrived safely, the packaging is thick with bubble wrap, thanks"
produk terima apa terima kasih seller neng banget order,"What product did you receive? Thank you, the seller was very enthusiastic about the order"
mantap tab ya amanmulus lengkap jugathanks,"Great tab, safe and complete, thank you"
bagus barang kirim cepat butuh,"good item, fast delivery, needed"
barang terima terima kasih amanah moga lancar jual,"Thank you for the item, thank you for the trust, I hope it will sell smoothly"
paket darat selamat cek normal sesuai pesan moga awet kendala terima kasih moga sukses,land package safe check normal according to message hopefully durable no problems thank you hopefully successful
ragu sih oke sih paket mntp,I doubt that the mntp package is okay
barang bagus worth it sih pakai orang tua orang ekspektasi thank you kirim lumayan cepat,"good stuff, worth it, parents use it, people have expectations, thank you, shipping is quite fast"
terima kasih seller puass order garansi resmi jugabisa percaya toko,"Thank you seller, satisfied with the order, official guarantee, can also trust the shop"
terima kasih seller aman kendala terima kasih seller,thank you seller safe problem thank you seller
telepon ponsel mudah ingat volume teman link,mobile phone easy remember volume friends link
butuh evaluasi ponsel foto jamming guna konsum listrik ponsel jual,need evaluation of mobile phone photo jamming for electricity consumption mobile phone for sale
suka kontras efektif teman guna gaya tampan rekomendasi tinggal zaman,like contrast effective friends use handsome style recommendations stay era
ponsel ponsel favorit fotografi bagus aspek periksa guna,mobile phone favorite mobile phone good photography aspect check use
puas bayi main main,satisfied baby playing
kualitas ponsel asli jalan cepat harga terima puas,original mobile phone quality fast way price received satisfied
barang sesuai seller responsif harga sesuai barang gaada kendala kirim cepat mantap poko sukses,"Goods according to seller, responsive price according to goods, no problems, fast delivery, good luck"
ponsel tipis panas warna bagus ukur pas gambar bagus,"thin phone, hot, good color, good size, good picture"
respon emas aman kirim standar sedia puas terima kasih salam sukses,gold response safe send standard ready satisfied thank you greetings of success
paket ya ka aman ko rusak kirim cepet banget suka banget toko rekomendasi,"the package is safe, it's broken, send it very quickly, I really like the recommended store"
alhamdulillah paketnyaa nyampe selamat barang lengkap packingnyaa safety cepat kirim lumayan cepat hp fungsi ditmbh,"Thank God, the package arrived safely, the goods are complete, the packaging is safe, the delivery is quite fast, the cellphone has additional functions"
alhamdulillah hp sampe selamat lecet sedikit packing pakai bubble wrap aman sesuai pesan paket nya bungkus nya rapi hp nya bagus terima,"Thank God, the cellphone arrived safely with only a few scratches. The packaging used bubble wrap, it was safe according to the package message. The packaging was neat. The cellphone was in good condition. I received it."
daya tahan baterai ponsel baikdan baterai nya tahan sehariankecepatan lari mulus menggunakannnya,The battery life of the phone is good and the battery lasts all day. The running speed is smooth using it.
bagus hpnya kilap mulus moga awet fungsi,"Nice cellphone, shiny and smooth, hopefully it will last"
harga jangkau cepat jaring jalan cepat piksel kamera bagus,fast reach price fast road network good camera pixels
layan jual kualitas produk harga untung tahan warna bagus bagus,service sell quality products price profit lasting good color good
cepat jalan mulus jelaskansaya milik fenomena gagap saran beli pujiani,fast smooth road explain me my property stuttering phenomenon advice buy praise
warna hpnya bagushp mulus nyesel belanja moga manfaat awetseller ramah recommended cari hp sin,"The color of the phone is good, the phone is smooth, I regret the purchase, I hope it will benefit, awetseller is friendly, recommended to find this phone"
logistik kuat kemas cantik tablet pakai download softwarenya nonton acara tvnya lancar banget harga masuk akal hemat biaya puas,"Strong logistics, beautiful packaging, tablet, download software, watch TV shows very smoothly, reasonable price, save costs, satisfied"
sungguh untung beli tablet bagus harga segitu untung tablet mudah milik fungsi lengkap,It's really a good thing to buy a good tablet at that price. It's a good thing the tablet is easy to own and has complete functions.
barang terima sesuai pesan moga barang awet terima kasih seller,"Item received as ordered, hopefully the item will last, thank you seller"
kerenkemasan nya rapi double wrapbuat senam mantabmurah yp murah jual ramah kurir kg ramah kirim cepat moga amanah,"cool, neat packaging, double wrap for gymnastics, nice, cheap, cheap, courier friendly, kg friendly, fast delivery, hopefully trustworthy"
kualitas produk layan tablet fungsi pesan beli cp,"product quality, tablet service, order function, buy CP"
barang selamat isi lengkap warna cakep mantap pokok nya kirim cepat adm nya ramah terima kasih seller,"The item is safe, the contents are complete, the color is nice, the delivery is fast, the admin is friendly, thank you seller"
sipp banget suka respon cepet kirim cepet barang normal kendala sesuai pesan jual toko,"I really like the fast response, fast delivery, normal items, the problem is according to the store's sales order"
mantul kali belanja kecewa lengkap jalan pas coba aman kendali lengkap nya jala,"Mantul when shopping is disappointed, the road is complete, the pass is safe, the control is complete"
suka banget toko respon jual nya cepat barang bagus jamin dehh nyesel recommended seller emang salah ,"I really like the shop, the response is fast, the goods are good, I guarantee you won't regret it, the recommended seller is wrong"
barang dah sampe kirim cepat packing rapi aman barang kondisi segel coba buka moga kendala fungsi terima kasih,"The item has arrived, delivered quickly, neatly packed, safe, the item is in a sealed condition, try to open it, I hope there is a problem with the function, thank you"
wahh mantul ja hp nya bagus sesuai deskripsi fungsi coba puas belanja oke harga jangkau terima kasih seller,"Wow, it's great, the cellphone is good, according to the description, the function is good, I'm satisfied with my shopping, the price is affordable, thank you seller"
alhamdulillah barang selamat sukses seller nya emas nya cepat emas nya cepat hp fungsi dgn bagus,"thank God, the goods are safe, the seller is successful, the gold is fast, the gold is fast, the cellphone functions well"
baguw emas aman hpnya mantaap harga murah pengannganya mantap banget dapet charger case anti gores wow keren overall fine swmoga mertua ku,"It's gold, it's safe, the phone is great, the price is cheap, the phone is very strong, you got a charger case, anti-scratch, wow, cool, overalls, fine, swmoga my mother-in-law"
alhamdulilah hpnya dtang bagus lecet jual respon gercep smga awet hpnya,"Thank God, the cellphone arrived in good condition, scratched, fast response, hopefully the cellphone will last"
puasbarang cepat cacat respon jual cepat,"satisfied, fast defective goods, fast sales response"
barang kelengkapana sesuai fungsi ram nya cm gb hehe,goods equipment according to the function of the ram cm gb hehe
bagus oke barang ni,this item is good okay
alhamdulillah dgn selamat terima kasih ,Alhamdulillah safely thank you
produk jadul harga lumayan pilih jaring otomatis jaring fungsi putar youtube aks,"Old school product, decent price, choose automatic net, net, YouTube playback function, Aks"
sungguh alam belanja toko bagus beli ponsel harga,"what a natural shopping shop, buy a cell phone at a good price"
bagus toko balas pesan ponselnya bagus harga murah harga ponsel bagus,good shop reply message good phone cheap price good phone price
barang selamat bagus harga bersahabatt,"Good item, good price, friendly"
barang aman sesuai pesan kurir nya,The goods are safe according to the courier's order
terima kasih barang packingnya aman rapi barang bagus fungsi sukses resellersemoga awet,"Thank you, the packaging is safe, neat, good stuff, successful reseller, hopefully it will last"
alhamdulillah barang kirim sesuai pesan warna salah nemu toko amanah percaya bgttt terima kasih seller top bgttt dehhh,"Thank God, the item was sent according to the message, the color was wrong, I found a trustworthy shop, I really trust it, thank you, the seller is really top"
alhamdulillah barang nyampe selamat barang kirim sesuai order barang mulus bagus emas aman banget kirim,"Thank God, the item arrived safely. The item was sent according to the order. The item is smooth, the gold is very safe to send."
puas sesuai deskripsi ragu beli toko amanah kirim cepat pesan sore jual ramah,"Satisfied, according to the description, doubtful to buy, trusted shop, send fast order, afternoon, friendly sales"
harga murah banget kualitas keren abiss cepet banget sampai kurir banget toko nya tanggung pesan sena,"The price is very cheap, the quality is cool, it's very fast, the store's courier takes care of the order"
respon emas aman kirim standar sedia puas terima kasih salam sukses,gold response safe send standard ready satisfied thank you greetings of success
alhamdulillah hp sampe selamat lecet sedikit packing pakai bubble wrap aman sesuai pesan paket nya bungkus nya rapi hp nya bagus terima,"Thank God, the cellphone arrived safely with only a few scratches. The packaging used bubble wrap, it was safe according to the package message. The packaging was neat. The cellphone was in good condition. I received it."
paket ya ka aman ko rusak kirim cepet banget suka banget toko rekomendasi,"the package is safe, it's broken, send it very quickly, I really like the recommended store"
kualitas oke harga oke jual tanggap kecewa beli toko kemas rapi hh kirim cepat,good quality good price responsive sale disappointed buy shop neatly packed hh fast delivery
bentuk indah suasana gaya kualitas suara volume ya musik ya ya,beautiful shape atmosphere style sound quality volume yes music yes yes
alhamdulilah hp aman original foto hp pakai seller kasih case hp tempered film hp murah kualita,"Thank God, the cellphone is safe, the original photo of the cellphone is used, the seller gave me a cellphone case, tempered film, cheap quality cellphone"
hp super lot ram  not recommended seller,hp super lot ram  not recommended seller
layan bagus lgs direspon barang lgs kirim terima kasih,"Good service, immediately responded, item sent immediately, thank you"
hati hp harap lambat fan aksesvilitasnya merk hp baca,heart hp hope slow fan accessibility brand hp read
oke,limit
barang ok kirim ok,"item ok, shipping ok"
kirim warna kasih sesuai,send the color of love according to
packing rapih proses terima order kirim cepat barang komplit plus bonus unit apk jalan lancar batere,"neat packing, fast delivery, complete goods, plus bonus unit, smooth running app, battery"
sampe buka bungkus coba hpnyamudah mudah bagus ya,until open the package try hpnyamudah easy good yeah
mantappp sesuai pesananlangsung dikirimcepat sampainyamksh,"Great, as ordered, sent straight away, arrived quickly, thank you"
hape terima harga hp murahdan kualitas sesuai harga spek tulis deskripsi pasti kualitas reno aslin,cellphone received cheap cellphone price and quality according to price specs write description definitely genuine Reno quality
barang dah sampe sesuai pesan terima kasih,"The item has arrived as ordered, thank you"
bonus sesuai terang sellernya fast response sabar tenang,"Bonus according to the seller's explanation, fast response, patient, calm"
kemas hati ketat layan usaha logistik,be careful with logistics
terima kasih kirim sesuai pesan terima kasih kakak god bless you always,"thank you, send according to the message, thank you, brother, God bless you always"
moga awet lengkap chargeran cepat banget kecewa belanja,"Hope it lasts, complete, fast charging, really disappointed with the purchase"
suka barang bagus kualitas seller fast respon ramah,"like the item, good quality, seller fast response, friendly"
harap teman percaya milik toko milik sikap positif beli,hope friends believe the shop's property positive attitude buy
paket ya ka aman ko rusak kirim cepet banget suka banget toko rekomendasi,"the package is safe, it's broken, send it very quickly, I really like the recommended store"
pilih tepattt sihhh belanja toko wahhh sumpah nyangka bagusss banget tab ori rusa apa terima kasih,"choose the right one, shopping at the store, wow, I swear I thought it was really good, is it an original deer tab or not? Thank you"
produk dtng sesuai pesan emas nya aman banget kirim nya lumayan cepat ragu beli recommended pokok tab nya liat,The product arrived as ordered. The gold is very safe. The delivery is quite fast. Do not hesitate to buy. Recommended
kondisi segel barang barang bekas pakai terima kasih seller puas,"Sealed condition, used item, thank you, satisfied seller"
spek sesuai deskripsi masya allah sesuai pesan kualitas mantap dipake enak banget pokok sesuai pesan,"The specs match the description, masya allah, as ordered, the quality is solid, it's very comfortable, the tree is as ordered"
packaging aman hp kondisi lengkap nyesel belanja terima kasih next order,"Safe packaging, complete condition of cellphone, regret buying, thank you, next order"
pilih baik dehhh beli toko ngecewain barang original suka layan toko ramah cepat terima kasih yahhh,"Choose well, buy the store, I'm disappointed with the original item, I like the service, the store is friendly, fast, thank you"
dapet harga flashsale dapet cashback harga toko offline perdana beli hp onlinealhamdulilah hasil muas cacat sedikit,got flash sale price got cashback price offline store for the first time buying a cellphone online thank God the result is satisfactory with a few defects
terima kasih hpnya dateng selamat sesuai pesan hpnya jalan normal moga awet ya terima kasih,"Thank you, the cellphone arrived safely according to the message, the cellphone is working normally, hopefully it will last, thank you"
terima kasih suka banget respon jual ramah hati produk bagus harga worth it banget,"Thank you, I really like the friendly response from the seller, the product is good, the price is really worth it"
terima kasih barang kirim cepat barang darat aman pokok bkal nyesel blanja,"Thank you, fast delivery, safe ground goods, so you won't regret shopping"
sesuai ekspektasi aman normal muas moga depan nya kendala terima kasih layan nya ramah cepat moga depan nya maju la,"according to expectations, safe, normal, happy, I hope the future will not be a problem, thank you, the service is friendly, fast, I hope the future will go well"
first time banget beli hp onlineawalnya rada takut allhamdulillah lancar sampe tujuanbarang sesuai pesanandan packing aman terima kasih,"First time buying a cellphone online, at first I was a bit scared, thank God it arrived safely, the item was as ordered and the packaging was safe, thank you"
kecewa sih order puas kualitas produk nya bagusss,"I'm disappointed with the order, I'm satisfied with the quality of the product, it's good"
paket bagus banget pokok kualitas produk bagus,"Very good package, the product quality is good"
mantapsenin siang pesenrabu nympebintang pstinya sukses slalu barang sesuai pesend layan dgn follow dlu,"Awesome Monday afternoon, Pesenrabu nympebintang, definitely always successful, the goods are according to the order, service is done by following first"
maaf bangetkamera parahhp real dtng canon prointernetan hp sesuai bentuknyatampilan bentuk bagus seller gercep hp dus segel plasti,"Very sorry, bad camera, real cellphone, Canon Pro internet, cellphone according to its shape, good shape, seller fast, cellphone, plastic seal box"
terima kasih seller barang original segel smartphone nya packing rapih kirim cepat amanah banget toko mantulll dahh,"Thank you seller, the item is original, the smartphone is sealed, the packaging is neat, the delivery is fast, the shop is really great"
barang original rusa apa lecet bagus fungsi seller ramah kurir amanah kirim sesuai estimasi packing rapih aman terima kasih sel,"Original item, deer or scratches, good function, friendly seller, trustworthy courier, delivery according to estimate, neat and safe packaging, thank you, Sel"
excited banget pas kali barang dateng  terima kasih seller layan top,"I was really excited when the item arrived, thank you seller for your excellent service"
alhamdulillah barang sampailangsung pakai coba fungsi baikthanks seller,"Thank God, the item arrived, I tried it straight away, it works well, thanks seller"
produk terima bagus packing dgn rusa kirim jg cepat cepat dari estimasi nya  terima kasih ,"Product received in good condition, packing with deer, delivery is also faster than estimated, thank you"
yeay nyampe paket aman penyok bungkus bublewrap tebal imei daftar insyaallah trusted admin ramah gercep,"Yeay, safe package, dented, thick bubble wrap, imei register, God willing, trusted admin, fast friendly"
terima kasih seller barang terima lecet sedikit segel aman terima kasih  antar paket aman than,"Thank you seller, the item received is slightly scratched, the seal is secure, thank you, the package was delivered safely, thang"
alhamdulillah tablet langsung pakai anak ajar mulus kurang da fungsi tablet trimaksh selle,"Thank God, the tablet was used straight away by the students and the teaching was smooth, lacking the tablet function, thanks seller"
produk terima bagus packing dgn rusa kirim jg cepat cepat dari estimasi nya  terima kasih ,"Product received in good condition, packing with deer, delivery is also faster than estimated, thank you"
terima kasih barang terima harga produk kualitas produk produk original cepat kirim respon jua,"Thank you, the item was received, the product price, the product quality, the product is original, the delivery is fast, the response is also good"
nyesel order toko produk nya original bagus next order beli,"I regret ordering from the store, the product is original, it's good, I'll buy it next time"
alhamdulillah barang nya nyampe dgn selamat kirim barang nya bagus recommended deh toko jual dgn harga jangkau barang nya mulus da,"Thank God, the item arrived safely. The item was sent in good condition. The shop sells it at an affordable price. The item is in good condition."
produk bagus banget kirim super cepet banget emas jg rapih terima kasih bnyk seller,"Very good product, super fast delivery, the gold is also neat, thank you very much seller"
produk sesuai pesan kirim cepat produk jg bagus,"Product according to order, fast delivery, good product"
alhamdulillah barang  kwalitasnya bagus sesuai harga suka terima kasih kak,"Thank God, the quality of the item is good according to the price. I like it. Thank you, sis."
barang sesuai harap gunain beli toko,"Suitable items, please use and buy from the store"
boros baterai kamera jadul vga ram gede ngeblang suka pas nyalain excel ngk kuat,wasteful battery old camera vga ram big ngeblang like when turning on excel ngk strong
barang cepat proses ok moga awet ya gan terima kasih,"Fast processing of goods, hopefully it will last, bro, thank you"
alhamdulilah tablet android inch terima harga sesuai dngan ekspektasi layan gercep cepat mudah an awet packing aman  mantabs teru,"Thank God, the Android tablet inch received the price according to expectations, fast, easy and durable service, safe packaging, always great"
crooks all info written on listins is not same with delivered products jujur info tulis listin info produk dik,crooks all info written on listins is not same with delivered products jujur info tulis listin info produk dik
sinyal masalah program lot kamera jadul kualitas gambar buram,signal problem program old camera lot blurry image quality
terima kasih beli bwat hadishsemoga bagus sukses,"Thank you for buying Bwat Hadith, hopefully it will be good and successful"
beda postingan gambar tulis ponsel  kamera tulis mp mp  resolusi tulis,different post image write mobile phone camera write mp mp resolution write
 kamera tulis mp mp  resolusi tulis tulis  baterai tulis gambar ma,camera write mp mp resolution write write battery write image ma
beda postingan gambar tulis ponsel  kamera tulis mp mp  resolusi tulis,different post image write mobile phone camera write mp mp resolution write
cepat proses barang aman rusak,fast process safe damaged goods
terima kasih barang rumah selamat packing nya aman,"Thank you for the house goods, the packaging is safe"
iya harga sesuai kualitas lahbarangnya sesuai,"Yes, the price is according to the quality of the goods."
barang selamat tuju admin nya ramah layan kurir kirim cepat barang cacat layan muas,"The item arrived safely, the admin was friendly, the courier delivered it quickly, the item was defective, the service was satisfactory"
trimaksh barang terima cacat langsung pakai trimaksh seller tuhan kati,"Thank you, the item received is defective, I used it straight away, thank you, the seller, my God, Kati"
alhamdulillah pesan selamat baranv sesuai pesan cepat,thank God the message of congratulations was received quickly
alhamdulillah paket sampe neng bangetttt sukaaa moga awet,"Alhamdulillah, the package arrived, I really like it, I hope it lasts"
overall pesan bagus sesuai packingan rapih kirim cepat barang bagus kecewa jual ramah bagus ba,"Overall, the message is good, the packaging is neat, the delivery is fast, the goods are good, disappointed, the seller is friendly, good ba"
terima kasih seller kualitas baik muas mudah sesuai ekspektasi terima kasih sampe cepet aman mantap,"Thank you seller, good quality, easy to buy, as expected, thank you, fast delivery, safe and stable"
terima kasih keluar produk bagus keren banget suka packaging nya rapih mas nya jual nya ramah,"Thank you, the product is really cool, I like the neat packaging, the seller is friendly"
pesan sesuai deskripsi handphone original hemat banget beli koin emas plus kupon bayar total juta,"order according to the description of the original cellphone, really save money, buy gold coins plus coupons, pay a total of millions"
alhamdulillah ponsel nya darat selamatawal nya khawatir tkut gg sampetp mantappp sampe jugakirain bkal po lamaehh mlah kilat test hp,alhamdulillah his phone is land as long as he is worried afraid gg sampetp mantappp until jugakirain bkal po lamaehh even lightning test hp
alhamdulilah paket packing nya lumayan rapiaman kirim super cepat pesan jam malam nya jam sore kurir amanah toko nya jujur terima,"Thank God, the packaging is quite neat, the delivery is super fast, I ordered it at night, the courier was in the afternoon, the shop is honest, I received it"
produk terima aman selamat packing nya aman kirim jga lancar hp dalam jga aman coba ragu lihat review guna,"product received safely, safe packaging, safe delivery, smooth delivery, cellphone inside is also safe, try to see the review for use"
khawatir kirim admin bilang - sampe besok nyampe beli kurir aman banget hp nya original senang terima kas,"I'm worried, send the admin to say - I'll get it tomorrow, buy the courier, it's very safe, the phone is original, it's easy to accept cash"
barang bagus moga awet terima kasih,"good stuff, hope it lasts, thank you"
yes and recomended store,yes and recomended store
sesuai pesananpesan cepatrespon cepatsukses,according to orderfast messagefast responsesuccess
sis makas sampe packet nya aman barang bagus pokoke keuren hbis,"Sis Makas, until the package is safe, it's a good product, please clean it"
fast respon kirim cepat harga jangkau suka kualitas maaf komen kemarin sibuk terima kasih,fast response fast delivery affordable price like quality sorry yesterday comment busy thank you
alhamdulillah barang amam cepatkondisi barang oke baiksemoga awet dah hp,"Alhamdulillah, the item is fast, the item is in good condition, I hope the phone will last"
alhamdulillah sampai cepat nunggu coba muas suka pokok sungguh hadir jamin kecewa good seller brotherhood,"Thank God, I waited so fast to try it, I'm satisfied, I like it, it's really here, I guarantee you won't be disappointed, good seller brotherhood"
ken bagus toko jual harga murah packing logistik normal moga mudah pakai jual beli,"Ken is a good shop selling cheap prices, packing normal logistics, hopefully easy to use, buying and selling"
telepon rusak stadion utama beli telepon cepat butuh telepon nor,broken phone main stadium buy phone fast need phone nor
mas kurir barang bagus uang rekomendasi jual pesan,"Mr. courier, good stuff, money, recommendation, sell, order"
alhamdulillah barang amam cepatkondisi barang oke baiksemoga awet dah hp,"Alhamdulillah, the goods are fast, the condition of the goods is good, I hope the phone will last"
barang good harga terjangkaupackingan rapih aman bgt,"Good stuff, affordable price, neat and very safe packaging"
barang original kirim standar sesuai estimasi packing rapih aman terima kasih seller respon cepat alhamdulillah kendala moga depan,"Original item, standard delivery according to estimate, neat and safe packaging, thank you seller, fast response, thank God, hopefully the problem will be solved in the future"
alhamdulillah paket sampe neng bangetttt sukaaa moga awet,"Alhamdulillah, the package arrived, I really like it, I hope it lasts"
mantap pas banget barang cacat segel aman tab nya bagus banget nyesel pokok nya,"It's very good, the item is defective, the seal is safe, the tab is very good, I regret the tree"
barang original rusa apa lecet bagus fungsi seller ramah kurir amanah kirim sesuai estimasi packingan rapih terima kasih,"Original item, deer or scratches, good function, friendly seller, trustworthy courier, delivery according to estimate, neat packaging, thank you"
terima kasih barang sesuai pesan apa bagus jaring lancar kirim cepat packing rapih,"Thank you, the item is according to the order, the net is smooth, fast delivery, neat packaging"
barang mulus fungsi normal kendala emas safety,"Goods are smooth, function normally, gold safety constraints"
toko amanah proses cepat pokok top dahkurirnya ramahterimasih,"Trusted shop, fast process, top quality, friendly courier, thank you"
recommended tokoseller ramah,recommended tokoseller ramah
bagus barang sesuai pes kirim lumayan cepat paking aman respon jual pokok recomended harga wort it,"Good item according to the order, delivery is quite fast, safe packaging, good response, recommended, good price, worth it"
sellernya beneran gercep euy kirim hari pas order pakai cod,"The seller is really fast, he sent it the same day as the order using COD"
hasil kamera jernih buram hasil gambar kartu jaring wifi kartu suka hilang kecewa,clear camera results blurry wifi network card image results the card often disappears disappointed
barang abal sesuai skripsi jual tipu bilang camera dgn resolusi mp camera jadul resolusi rendah rendah,"Fake goods according to the thesis, selling a scam saying it's a camera with MP resolution, an old school camera with low resolution"
sesuai deskripsi bonus kirim sesuai jadwal moga awet,"according to the description, bonus sent according to schedule, hopefully it will last"
mantabs selernya ramah solusi baik tulis sih sistem android menu atur nya ram gb storage android moga,"Mantabs, the seller is friendly, good solution, write the Android system menu, set it, RAM GB, Android storage, hopefully"
sayang gan earphone nya engga foto iklan free,"It's a shame bro, the earphones don't have free advertising photos"
barang goodcepat toko terbaikkualitas terbaikrecomended,good stufffast best storebest qualityrecommended
alhamdulillah barang aman kendala apa sesuai pesan ekpetasi kualitas baik hp bagus recommended nih ya,"Thank God, the item is safe, what are the problems? It's according to the message, the quality is good, the cellphone is good, I recommend it."
desain ponsel penuh akaldan nyaman gunakanini jalan cepat ambil gambar orang tuaini alam,smart and comfortable mobile phone design use this fast way take pictures of parents this nature
hp nya bagus nya lengkap dapet case bening toko nya amanah kirim cepat terima kasih ya admin,"The phone is good, it is complete, it has a clear case, the store is trustworthy, send it quickly, thank you, admin"
kirim cepat packing aman produk terima layar bening lancar pakai stylus pen ok selancar kendala download aplikasi aman,fast delivery safe packaging product received clear screen smooth use stylus pen ok smooth download application safe
patut syukur kurir pintu layan antusias bagus kualitas cepat worth to buy penting tablet worth to,"should be grateful, the door courier is very enthusiastic, good quality, fast, worth to buy, important, tablet worth to buy"
barang langsung buka alhamdulillah barang bagus aman lecet sedikit real bagus muas ,"Item was immediately opened, thank God, the item is good, safe, a little scratched, really good, satisfied"
tabnya selamat sampe tuju bagus packingnya aman chat bales cepat,"The tab arrived safely, the packaging is good, the chat is replied quickly"
barang terima kondisi aman packing rapi kirim cepat realpict sesuai deskripsi terima kasih seller,"Item received in safe condition, neat packaging, fast delivery, real picture according to description, thank you seller"
paket bagusss packingnya rapih banget pakai bubble wrap tebal mantap kirim cepat barang fungsi lengkap kasih sim cards nya rek,"nice package, the packaging is very neat, using thick bubble wrap, great, fast delivery, complete function, give me the sim card, bro"
paket bagus packing rapih banget pakai bubble wrap tebal mantap kirim cepat barang fungsi lengkap,"Good package, very neat packaging, using thick bubble wrap, great, fast delivery, complete function of the item"
terima kasih seller barang terima lecet segel aman terima kasih  antar paket aman than,"Thank you seller, the item received is scratched, the seal is safe, thank you, the package was delivered safely, than"
alhamdulillah barang sampe kirim nyaa oke cepet parahhhh isi box nya lengkap mantap lahhh ,alhamdulillah goods arrived to send nyaa okay fast parahhhh contents of the box is complete steady lahhh
sesuai pesan,as per message
responnya cepat kirim cepat kondisi barang bagus terima kasih,fast response fast delivery good condition thank you
sesuai deskripsi nama barang beda oke coba bagus depan tolong sesuai iklan nya,"according to the description, the name of the item is different, okay, try it well, please match the advertisement"
bagus barang sesuai pesan fungsi terima kasih,"Good item, works as ordered, thank you"
tampil keren coba buka doang moga awet hp nya kendala,look cool try to open only hopefully durable phone his obstacles
terima kasih sampe selamat next order moga awet kurir amanah admin ramah sukses ya pngiriman cepat raya hp hi,thank you until safe next order may it last courier trust admin friendly success ya fast delivery hi raya mobile phone hi
barang sesuai original terima aman cepat kirim terima kasih,"Item as original, received safely, fast delivery, thank you"
toko amanah banget  kirim cepat packing aman banget terima kasih toko expedisi nya ,"very reliable store, fast delivery, very safe packing, thank you for the expedition store"
barang cepat aman kirim baik hadiah isi label rekomendasi beli toko,fast goods safe delivery good gift contents label recommendation buy shop
alhamdulillah barang sampe kirim nyaa oke cepet parahhhh isi box nya lengkap mantap lahhh ,alhamdulillah goods arrived to send nyaa okay fast parahhhh contents of the box is complete steady lahhh
sesuai pesan,according to message
responnya cepat kirim cepat kondisi barang bagus terima kasih,fast response fast delivery good condition thank you
sesuai deskripsi nama barang beda oke coba bagus depan tolong sesuai iklan nya,"according to the description, the name of the item is different, okay, try it well, please match the advertisement"
bagus barang sesuai pesan fungsi terima kasih,"Good item, works as ordered, thank you"
tampil keren coba buka doang moga awet hp nya kendala,look cool try to open only hopefully durable phone his obstacles
terima kasih sampe selamat next order moga awet kurir amanah admin ramah sukses ya pngiriman cepat raya hp hi,thank you until safe next order may it last courier trust admin friendly success ya fast delivery hi raya mobile phone hi
barang sesuai original terima aman cepat kirim terima kasih,"Item as original, received safely, fast delivery, thank you"
toko amanah banget  kirim cepat packing aman banget terima kasih toko expedisi nya ,"very reliable store, fast delivery, very safe packing, thank you for the expedition store"
barang cepat aman kirim baik hadiah isi label rekomendasi beli toko,fast goods safe delivery good gift contents label recommendation buy shop
alhamdulillah barang sampe kirim nyaa oke cepet parahhhh isi box nya lengkap mantap lahhh ,alhamdulillah goods arrived to send nyaa okay fast parahhhh contents of the box is complete steady lahhh
sesuai pesan,as per message
responnya cepat kirim cepat kondisi barang bagus terima kasih,fast response fast delivery good condition thank you
sesuai deskripsi nama barang beda oke coba bagus depan tolong sesuai iklan nya,"according to the description, the name of the item is different, okay, try it well, please match the advertisement"
bagus barang sesuai pesan fungsi terima kasih,"Good item according to message, function, thank you"
tampil keren coba buka doang moga awet hp nya kendala,look cool try to open only hopefully durable phone his obstacles
terima kasih sampe selamat next order moga awet kurir amanah admin ramah sukses ya pngiriman cepat raya hp hi,thank you until safe next order may it last courier trust admin friendly success ya fast delivery hi raya mobile phone hi
barang sesuai original terima aman cepat kirim terima kasih,"Item as original, received safely, fast delivery, thank you"
toko amanah banget  kirim cepat packing aman banget terima kasih toko expedisi nya ,"very reliable store, fast delivery, very safe packing, thank you for the expedition store"
barang cepat aman kirim baik hadiah isi label rekomendasi beli toko,fast goods safe delivery good gift contents label recommendation buy shop
alhamdulillah barang sampe kirim nyaa oke cepet parahhhh isi box nya lengkap mantap lahhh ,alhamdulillah goods arrived to send nyaa okay fast parahhhh contents of the box is complete steady lahhh
sesuai pesan,as per message
responnya cepat kirim cepat kondisi barang bagus terima kasih,fast response fast delivery good condition thank you
sesuai deskripsi nama barang beda oke coba bagus depan tolong sesuai iklan nya,"according to the description, the name of the item is different, okay, try it well, please match the advertisement"
bagus barang sesuai pesan fungsi terima kasih,"Good item, works as ordered, thank you"
tampil keren coba buka doang moga awet hp nya kendala,look cool try to open only hopefully durable phone his obstacles
terima kasih sampe selamat next order moga awet kurir amanah admin ramah sukses ya pngiriman cepat raya hp hi,thank you until safe next order may it last courier trust admin friendly success ya fast delivery hi raya mobile phone hi
barang sesuai original terima aman cepat kirim terima kasih,"Item as original, received safely, fast delivery, thank you"
toko amanah banget  kirim cepat packing aman banget terima kasih toko expedisi nya ,"very reliable store, fast delivery, very safe packing, thank you for the expedition store"
barang cepat aman kirim baik hadiah isi label rekomendasi beli toko,fast goods safe delivery good gift contents label recommendation buy shop
alhamdulillah barang sampe kirim nyaa oke cepet parahhhh isi box nya lengkap mantap lahhh ,alhamdulillah goods arrived to send nyaa okay fast parahhhh contents of the box is complete steady lahhh
sesuai pesan,as per message
responnya cepat kirim cepat kondisi barang bagus terima kasih,fast response fast delivery good condition thank you
sesuai deskripsi nama barang beda oke coba bagus depan tolong sesuai iklan nya,"according to the description, the name of the item is different, okay, try it well, please match the advertisement"
bagus barang sesuai pesan fungsi terima kasih,"Good item, works as ordered, thank you"
tampil keren coba buka doang moga awet hp nya kendala,look cool try to open only hopefully durable phone his obstacles
terima kasih sampe selamat next order moga awet kurir amanah admin ramah sukses ya pngiriman cepat raya hp hi,thank you until safe next order may it last courier trust admin friendly success ya fast delivery hi raya mobile phone hi
barang sesuai original terima aman cepat kirim terima kasih,"Item as original, received safely, fast delivery, thank you"
toko amanah banget  kirim cepat packing aman banget terima kasih toko expedisi nya ,"very reliable store, fast delivery, very safe packing, thank you for the expedition store"
barang cepat aman kirim baik hadiah isi label rekomendasi beli toko,fast goods safe delivery good gift contents label recommendation buy shop
alhamdulillah barang sampe kirim nyaa oke cepet parahhhh isi box nya lengkap mantap lahhh ,alhamdulillah goods arrived to send nyaa okay fast parahhhh contents of the box is complete steady lahhh
sesuai pesan,as per message
responnya cepat kirim cepat kondisi barang bagus terima kasih,fast response fast delivery good condition thank you
sesuai deskripsi nama barang beda oke coba bagus depan tolong sesuai iklan nya,"according to the description, the name of the item is different, okay, try it well, please match the advertisement"
bagus barang sesuai pesan fungsi terima kasih,"Good item, works as ordered, thank you"
tampil keren coba buka doang moga awet hp nya kendala,look cool try to open only hopefully durable phone his obstacles
terima kasih sampe selamat next order moga awet kurir amanah admin ramah sukses ya pngiriman cepat raya hp hi,thank you until safe next order may it last courier trust admin friendly success ya fast delivery hi raya mobile phone hi
barang sesuai original terima aman cepat kirim terima kasih,"Item as original, received safely, fast delivery, thank you"
toko amanah banget  kirim cepat packing aman banget terima kasih toko expedisi nya ,"very reliable store, fast delivery, very safe packing, thank you for the expedition store"
barang cepat aman kirim baik hadiah isi label rekomendasi beli toko,fast goods safe delivery good gift contents label recommendation buy shop
alhamdulillah barang sampe kirim nyaa oke cepet parahhhh isi box nya lengkap mantap lahhh ,alhamdulillah goods arrived to send nyaa okay fast parahhhh contents of the box is complete steady lahhh
sesuai pesan,as per message
responnya cepat kirim cepat kondisi barang bagus terima kasih,fast response fast delivery good condition thank you
sesuai deskripsi nama barang beda oke coba bagus depan tolong sesuai iklan nya,"according to the description, the name of the item is different, okay, try it well, please match the advertisement"
bagus barang sesuai pesan fungsi terima kasih,"Good item, works as ordered, thank you"
tampil keren coba buka doang moga awet hp nya kendala,look cool try to open only hopefully durable phone his obstacles
terima kasih sampe selamat next order moga awet kurir amanah admin ramah sukses ya pngiriman cepat raya hp hi,thank you until safe next order may it last courier trust admin friendly success ya fast delivery hi raya mobile phone hi
barang sesuai original terima aman cepat kirim terima kasih,"Item as original, received safely, fast delivery, thank you"
toko amanah banget  kirim cepat packing aman banget terima kasih toko expedisi nya ,"very reliable store, fast delivery, very safe packing, thank you for the expedition store"
barang cepat aman kirim baik hadiah isi label rekomendasi beli toko,fast goods safe delivery good gift contents label recommendation buy shop
alhamdulillah barang sampe kirim nyaa oke cepet parahhhh isi box nya lengkap mantap lahhh ,alhamdulillah goods arrived to send nyaa okay fast parahhhh contents of the box is complete steady lahhh
sesuai pesan,as per message
responnya cepat kirim cepat kondisi barang bagus terima kasih,fast response fast delivery good condition thank you
sesuai deskripsi nama barang beda oke coba bagus depan tolong sesuai iklan nya,"according to the description, the name of the item is different, okay, try it well, please match the advertisement"
bagus barang sesuai pesan fungsi terima kasih,"Good item, works as ordered, thank you"
tampil keren coba buka doang moga awet hp nya kendala,look cool try to open only hopefully durable phone his obstacles
terima kasih sampe selamat next order moga awet kurir amanah admin ramah sukses ya pngiriman cepat raya hp hi,thank you until safe next order may it last courier trust admin friendly success ya fast delivery hi raya mobile phone hi
barang sesuai original terima aman cepat kirim terima kasih,"Item as original, received safely, fast delivery, thank you"
toko amanah banget  kirim cepat packing aman banget terima kasih toko expedisi nya ,"very reliable store, fast delivery, very safe packing, thank you for the expedition store"
barang cepat aman kirim baik hadiah isi label rekomendasi beli toko,fast goods safe delivery good gift contents label recommendation buy shop
alhamdulillah barang sampe kirim nyaa oke cepet parahhhh isi box nya lengkap mantap lahhh ,alhamdulillah goods arrived to send nyaa okay fast parahhhh contents of the box is complete steady lahhh
sesuai pesan,according to message
responnya cepat kirim cepat kondisi barang bagus terima kasih,fast response fast delivery good condition thank you
sesuai deskripsi nama barang beda oke coba bagus depan tolong sesuai iklan nya,"according to the description, the name of the item is different, okay, try it well, please match the advertisement"
bagus barang sesuai pesan fungsi terima kasih,"Good item, works as ordered, thank you"
tampil keren coba buka doang moga awet hp nya kendala,look cool try to open only hopefully durable phone his obstacles
terima kasih sampe selamat next order moga awet kurir amanah admin ramah sukses ya pngiriman cepat raya hp hi,thank you until safe next order may it last courier trust admin friendly success ya fast delivery hi raya mobile phone hi
barang sesuai original terima aman cepat kirim terima kasih,"Item as original, received safely, fast delivery, thank you"
toko amanah banget  kirim cepat packing aman banget terima kasih toko expedisi nya ,"very reliable store, fast delivery, very safe packing, thank you for the expedition store"
barang cepat aman kirim baik hadiah isi label rekomendasi beli toko,fast goods safe delivery good gift contents label recommendation buy shop
alhamdulillah barang sampe kirim nyaa oke cepet parahhhh isi box nya lengkap mantap lahhh ,alhamdulillah goods arrived to send nyaa okay fast parahhhh contents of the box is complete steady lahhh
sesuai pesan,as per message
responnya cepat kirim cepat kondisi barang bagus terima kasih,fast response fast delivery good condition thank you
sesuai deskripsi nama barang beda oke coba bagus depan tolong sesuai iklan nya,"according to the description, the name of the item is different, okay, try it well, please match the advertisement"
bagus barang sesuai pesan fungsi terima kasih,"Good item, works as ordered, thank you"
tampil keren coba buka doang moga awet hp nya kendala,look cool try to open only hopefully durable phone his obstacles
terima kasih sampe selamat next order moga awet kurir amanah admin ramah sukses ya pngiriman cepat raya hp hi,thank you until safe next order may it last courier trust admin friendly success ya fast delivery hi raya mobile phone hi
barang sesuai original terima aman cepat kirim terima kasih,"Item as original, received safely, fast delivery, thank you"
toko amanah banget  kirim cepat packing aman banget terima kasih toko expedisi nya ,"very reliable store, fast delivery, very safe packing, thank you for the expedition store"
barang cepat aman kirim baik hadiah isi label rekomendasi beli toko,fast goods safe delivery good gift contents label recommendation buy shop
alhamdulillah barang sampe kirim nyaa oke cepet parahhhh isi box nya lengkap mantap lahhh ,alhamdulillah goods arrived to send nyaa okay fast parahhhh contents of the box is complete steady lahhh
sesuai pesan,as per message
responnya cepat kirim cepat kondisi barang bagus terima kasih,fast response fast delivery good condition thank you
sesuai deskripsi nama barang beda oke coba bagus depan tolong sesuai iklan nya,"according to the description, the name of the item is different, okay, try it well, please match the advertisement"
bagus barang sesuai pesan fungsi terima kasih,"Good item, works as ordered, thank you"
tampil keren coba buka doang moga awet hp nya kendala,look cool try to open only hopefully durable phone his obstacles
terima kasih sampe selamat next order moga awet kurir amanah admin ramah sukses ya pngiriman cepat raya hp hi,thank you until safe next order may it last courier trust admin friendly success ya fast delivery hi raya mobile phone hi
barang sesuai original terima aman cepat kirim terima kasih,"Item as original, received safely, fast delivery, thank you"
toko amanah banget  kirim cepat packing aman banget terima kasih toko expedisi nya ,"very reliable store, fast delivery, very safe packing, thank you for the expedition store"
barang cepat aman kirim baik hadiah isi label rekomendasi beli toko,fast goods safe delivery good gift contents label recommendation buy shop
alhamdulillah barang sampe kirim nyaa oke cepet parahhhh isi box nya lengkap mantap lahhh ,alhamdulillah goods arrived to send nyaa okay fast parahhhh contents of the box is complete steady lahhh
sesuai pesan,as per message
responnya cepat kirim cepat kondisi barang bagus terima kasih,fast response fast delivery good condition thank you
sesuai deskripsi nama barang beda oke coba bagus depan tolong sesuai iklan nya,"according to the description, the name of the item is different, okay, try it well, please match the advertisement"
bagus barang sesuai pesan fungsi terima kasih,"Good item, works as ordered, thank you"
tampil keren coba buka doang moga awet hp nya kendala,look cool try to open only hopefully durable phone his obstacles
terima kasih sampe selamat next order moga awet kurir amanah admin ramah sukses ya pngiriman cepat raya hp hi,thank you until safe next order may it last courier trust admin friendly success ya fast delivery hi raya mobile phone hi
barang sesuai original terima aman cepat kirim terima kasih,"Item as original, received safely, fast delivery, thank you"
toko amanah banget  kirim cepat packing aman banget terima kasih toko expedisi nya ,"very reliable store, fast delivery, very safe packing, thank you for the expedition store"
barang cepat aman kirim baik hadiah isi label rekomendasi beli toko,"Fast safe delivery, good gift, contents of label, recommended shop to buy"
alhamdulillah barang sampe kirim nyaa oke cepet parahhhh isi box nya lengkap mantap lahhh ,alhamdulillah goods arrived to send nyaa okay fast parahhhh contents of the box is complete steady lahhh
sesuai pesan,as per message
responnya cepat kirim cepat kondisi barang bagus terima kasih,fast response fast delivery good condition thank you
sesuai deskripsi nama barang beda oke coba bagus depan tolong sesuai iklan nya,"according to the description, the name of the item is different, okay, try it well, please match the advertisement"
bagus barang sesuai pesan fungsi terima kasih,"Good item, works as ordered, thank you"
tampil keren coba buka doang moga awet hp nya kendala,look cool try to open only hopefully durable phone his obstacles
terima kasih sampe selamat next order moga awet kurir amanah admin ramah sukses ya pngiriman cepat raya hp hi,thank you until safe next order may it last courier trust admin friendly success ya fast delivery hi raya mobile phone hi
barang sesuai original terima aman cepat kirim terima kasih,"Item as original, received safely, fast delivery, thank you"
toko amanah banget  kirim cepat packing aman banget terima kasih toko expedisi nya ,"very reliable store, fast delivery, very safe packing, thank you for the expedition store"
barang cepat aman kirim baik hadiah isi label rekomendasi beli toko,fast goods safe delivery good gift contents label recommendation buy shop
alhamdulillah barang sampe kirim nyaa oke cepet parahhhh isi box nya lengkap mantap lahhh ,alhamdulillah goods arrived to send nyaa okay fast parahhhh contents of the box is complete steady lahhh
sesuai pesan,as per message
responnya cepat kirim cepat kondisi barang bagus terima kasih,fast response fast delivery good condition thank you
sesuai deskripsi nama barang beda oke coba bagus depan tolong sesuai iklan nya,"according to the description, the name of the item is different, okay, try it well, please match the advertisement"
bagus barang sesuai pesan fungsi terima kasih,"Good item according to message, function, thank you"
tampil keren coba buka doang moga awet hp nya kendala,look cool try to open only hopefully durable phone his obstacles
terima kasih sampe selamat next order moga awet kurir amanah admin ramah sukses ya pngiriman cepat raya hp hi,thank you until safe next order may it last courier trust admin friendly success ya fast delivery hi raya mobile phone hi
barang sesuai original terima aman cepat kirim terima kasih,"Item as original, received safely, fast delivery, thank you"
toko amanah banget  kirim cepat packing aman banget terima kasih toko expedisi nya ,"very reliable store, fast delivery, very safe packing, thank you for the expedition store"
barang cepat aman kirim baik hadiah isi label rekomendasi beli toko,fast goods safe delivery good gift contents label recommendation buy shop
alhamdulillah barang sampe kirim nyaa oke cepet parahhhh isi box nya lengkap mantap lahhh ,alhamdulillah goods arrived to send nyaa okay fast parahhhh contents of the box is complete steady lahhh
sesuai pesan,as per message
responnya cepat kirim cepat kondisi barang bagus terima kasih,fast response fast delivery good condition thank you
sesuai deskripsi nama barang beda oke coba bagus depan tolong sesuai iklan nya,"according to the description, the name of the item is different, okay, try it well, please match the advertisement"
bagus barang sesuai pesan fungsi terima kasih,"Good item, works as ordered, thank you"
tampil keren coba buka doang moga awet hp nya kendala,look cool try to open only hopefully durable phone his obstacles
terima kasih sampe selamat next order moga awet kurir amanah admin ramah sukses ya pngiriman cepat raya hp hi,thank you until safe next order may it last courier trust admin friendly success ya fast delivery hi raya mobile phone hi
barang sesuai original terima aman cepat kirim terima kasih,"Item as original, received safely, fast delivery, thank you"
toko amanah banget  kirim cepat packing aman banget terima kasih toko expedisi nya ,"very reliable store, fast delivery, very safe packing, thank you for the expedition store"
barang cepat aman kirim baik hadiah isi label rekomendasi beli toko,fast goods safe delivery good gift contents label recommendation buy shop
alhamdulillah barang sampe kirim nyaa oke cepet parahhhh isi box nya lengkap mantap lahhh ,alhamdulillah goods arrived to send nyaa okay fast parahhhh contents of the box is complete steady lahhh
sesuai pesan,as per message
responnya cepat kirim cepat kondisi barang bagus terima kasih,fast response fast delivery good condition thank you
sesuai deskripsi nama barang beda oke coba bagus depan tolong sesuai iklan nya,"according to the description, the name of the item is different, okay, try it well, please match the advertisement"
bagus barang sesuai pesan fungsi terima kasih,"Good item, works as ordered, thank you"
tampil keren coba buka doang moga awet hp nya kendala,look cool try to open only hopefully durable phone his obstacles
terima kasih sampe selamat next order moga awet kurir amanah admin ramah sukses ya pngiriman cepat raya hp hi,thank you until safe next order may it last courier trust admin friendly success ya fast delivery hi raya mobile phone hi
barang sesuai original terima aman cepat kirim terima kasih,"Item as original, received safely, fast delivery, thank you"
toko amanah banget  kirim cepat packing aman banget terima kasih toko expedisi nya ,"very reliable store, fast delivery, very safe packing, thank you for the expedition store"
barang cepat aman kirim baik hadiah isi label rekomendasi beli toko,fast goods safe delivery good gift contents label recommendation buy shop
alhamdulillah barang sampe kirim nyaa oke cepet parahhhh isi box nya lengkap mantap lahhh ,alhamdulillah goods arrived to send nyaa okay fast parahhhh contents of the box is complete steady lahhh
sesuai pesan,as per message
responnya cepat kirim cepat kondisi barang bagus terima kasih,fast response fast delivery good condition thank you
sesuai deskripsi nama barang beda oke coba bagus depan tolong sesuai iklan nya,"according to the description, the name of the item is different, okay, try it well, please match the advertisement"
bagus barang sesuai pesan fungsi terima kasih,"Good item, works as ordered, thank you"
tampil keren coba buka doang moga awet hp nya kendala,look cool try to open only hopefully durable phone his obstacles
terima kasih sampe selamat next order moga awet kurir amanah admin ramah sukses ya pngiriman cepat raya hp hi,thank you until safe next order may it last courier trust admin friendly success ya fast delivery hi raya mobile phone hi
barang sesuai original terima aman cepat kirim terima kasih,"Item as original, received safely, fast delivery, thank you"
toko amanah banget  kirim cepat packing aman banget terima kasih toko expedisi nya ,"very reliable store, fast delivery, very safe packing, thank you for the expedition store"
barang cepat aman kirim baik hadiah isi label rekomendasi beli toko,fast goods safe delivery good gift contents label recommendation buy shop
alhamdulillah barang sampe kirim nyaa oke cepet parahhhh isi box nya lengkap mantap lahhh ,alhamdulillah goods arrived to send nyaa okay fast parahhhh contents of the box is complete steady lahhh
sesuai pesan,as per message
responnya cepat kirim cepat kondisi barang bagus terima kasih,fast response fast delivery good condition thank you
sesuai deskripsi nama barang beda oke coba bagus depan tolong sesuai iklan nya,"according to the description, the name of the item is different, okay, try it well, please match the advertisement"
bagus barang sesuai pesan fungsi terima kasih,"Good item, works as ordered, thank you"
tampil keren coba buka doang moga awet hp nya kendala,look cool try to open only hopefully durable phone his obstacles
terima kasih sampe selamat next order moga awet kurir amanah admin ramah sukses ya pngiriman cepat raya hp hi,thank you until safe next order may it last courier trust admin friendly success ya fast delivery hi raya mobile phone hi
barang sesuai original terima aman cepat kirim terima kasih,"Item as original, received safely, fast delivery, thank you"
toko amanah banget  kirim cepat packing aman banget terima kasih toko expedisi nya ,"very reliable store, fast delivery, very safe packing, thank you for the expedition store"
barang cepat aman kirim baik hadiah isi label rekomendasi beli toko,fast goods safe delivery good gift contents label recommendation buy shop
alhamdulillah barang sampe kirim nyaa oke cepet parahhhh isi box nya lengkap mantap lahhh ,alhamdulillah goods arrived to send nyaa okay fast parahhhh contents of the box is complete steady lahhh
sesuai pesan,as per message
responnya cepat kirim cepat kondisi barang bagus terima kasih,fast response fast delivery good condition thank you
sesuai deskripsi nama barang beda oke coba bagus depan tolong sesuai iklan nya,"according to the description, the name of the item is different, okay, try it well, please match the advertisement"
bagus barang sesuai pesan fungsi terima kasih,"Good item, works as ordered, thank you"
tampil keren coba buka doang moga awet hp nya kendala,look cool try to open only hopefully durable phone his obstacles
terima kasih sampe selamat next order moga awet kurir amanah admin ramah sukses ya pngiriman cepat raya hp hi,thank you until safe next order may it last courier trust admin friendly success ya fast delivery hi raya mobile phone hi
barang sesuai original terima aman cepat kirim terima kasih,"Item as original, received safely, fast delivery, thank you"
toko amanah banget  kirim cepat packing aman banget terima kasih toko expedisi nya ,"very reliable store, fast delivery, very safe packing, thank you for the expedition store"
barang cepat aman kirim baik hadiah isi label rekomendasi beli toko,fast goods safe delivery good gift contents label recommendation buy shop
alhamdulillah barang sampe kirim nyaa oke cepet parahhhh isi box nya lengkap mantap lahhh ,alhamdulillah goods arrived to send nyaa okay fast parahhhh contents of the box is complete steady lahhh
sesuai pesan,according to message
responnya cepat kirim cepat kondisi barang bagus terima kasih,fast response fast delivery good condition thank you
sesuai deskripsi nama barang beda oke coba bagus depan tolong sesuai iklan nya,"according to the description, the name of the item is different, okay, try it well, please match the advertisement"
bagus barang sesuai pesan fungsi terima kasih,"Good item, works as ordered, thank you"
tampil keren coba buka doang moga awet hp nya kendala,look cool try to open only hopefully durable phone his obstacles
terima kasih sampe selamat next order moga awet kurir amanah admin ramah sukses ya pngiriman cepat raya hp hi,thank you until safe next order may it last courier trust admin friendly success ya fast delivery hi raya mobile phone hi
barang sesuai original terima aman cepat kirim terima kasih,"Item as original, received safely, fast delivery, thank you"
toko amanah banget  kirim cepat packing aman banget terima kasih toko expedisi nya ,"very reliable store, fast delivery, very safe packing, thank you for the expedition store"
barang cepat aman kirim baik hadiah isi label rekomendasi beli toko,"Fast safe delivery, good gift, contents of label, recommended shop to buy"
